"Id";"Designator";"Footprint";"Quantity";"Designation";"Supplier and ref";
1;"SW7";"SW_PG1350_reversible(no-F-silkscreen)-PLAY";1;"SW_Momentary_SPST";;;
2;"SW10";"SW_PG1350_reversible(no-F-silkscreen)-EDIT";1;"SW_Momentary_SPST";;;
3;"SW9";"SW_PG1350_reversible(no-F-silkscreen)_OPTION";1;"SW_Momentary_SPST";;;
4;"SW3";"SW_PG1350_reversible(no-F-silkscreen)-UP";1;"SW_Momentary_SPST";;;
5;"SW6";"SW_PG1350_reversible(no-F-silkscreen)-RIGHT";1;"SW_Momentary_SPST";;;
6;"SW4";"SW_PG1350_reversible(no-F-silkscreen)-DOWN";1;"SW_Momentary_SPST";;;
7;"SW8";"SW_PG1350_reversible(no-F-silkscreen)-LEFT";1;"SW_Momentary_SPST";;;
8;"SW5";"SW_PG1350_reversible(no-F-silkscreen)-SHIFT";1;"SW_Momentary_SPST";;;
9;"D8,D4,D5,D6";"LED_1206_3216Metric";4;"LED White";;;
10;"REF**";"Teensy41_SMD (OUTER PADS ONLY)";1;"Teensy 4.1";;;
11;"R9,R8";"R_1206_3216Metric";2;"1K 1%";;;
12;"SW1";"SALECOM_251A_SWST_SLIDE_SWITCH";1;"SW_Slide_SPST";;;
13;"REF**";"UGreen USB Sound Card";1;"UGreen USB Sound Card";;;
14;"R6";"R_1206_3216Metric";1;"1.5K 1%";;;
15;"D9,D7,D3";"MBRM110LT1G_SMD_DIODE";3;"D";;;
16;"J2";"PinHeader_2x06_P2.54mm_Vertical";1;"Conn_02x06_Odd_Even";;;
17;"U1";"DM13-05_DC-DC_Convertor";1;"~";;;
18;"U2";"TP4056 LiPo Charing Module SMD";1;"~";;;
19;"R4";"R_1206_3216Metric";1;"220 1%";;;
20;"R3,R2";"R_1206_3216Metric";2;"180 1%";;;
21;"C1";"C_0805_2012Metric_Pad1.18x1.45mm_HandSolder";1;"0.1uF 50V 20%";;;
22;"SW2";"TACTILE_SWITCH_SMD_RIGHT_ANGLE";1;"SW_Momentary_SPST";;;
23;"D2,D1";"SCHOTTKY_SB140_DO-15_P15.24mm_Horizontal";2;"D_Schottky";;;
24;"R1";"R_1206_3216Metric";1;"10 1%";;;
25;"U3";"SOIC-8-1EP_3.9x4.9mm_P1.27mm_EP2.29x3mm";1;"Opamp_Dual";;;
26;"R7";"R_1206_3216Metric";1;"2K 1%";;;
27;"J3";"PinHeader_1x04_P2.54mm_Vertical_SMD_Pin1Right";1;"Conn_01x04_Pin";;;
28;"J4";"PinHeader_1x02_P2.54mm_Vertical_SMD_Pin1Left";1;"Conn_01x02";;;
29;"R5";"R_1206_3216Metric";1;"10K 1%";;;
30;"J1";"JST-2-SMD";1;"JST_2MM_MALE";;;
31;"R10";"R_1206_3216Metric";1;"3.3K 1%";;;
