Ref,Val,Package,PosX,PosY,Rot,Side
"D4","LED WHITE","LED_1206_3216Metric",185.200000,-139.200000,90.000000,top
"D5","LED WHITE","LED_1206_3216Metric",180.000000,-139.200000,90.000000,top
"D6","LED WHITE","LED_1206_3216Metric",174.800000,-139.200000,90.000000,top
"D8","LED WHITE","LED_1206_3216Metric",169.600000,-139.200000,90.000000,top
"SW3","SW_Momentary_SPST","SW_PG1350_reversible(no-F-silkscreen)-UP",131.000000,-90.500000,0.000000,top
"SW4","SW_Momentary_SPST","SW_PG1350_reversible(no-F-silkscreen)-DOWN",131.000000,-111.500000,0.000000,top
"SW5","SW_Momentary_SPST","SW_PG1350_reversible(no-F-silkscreen)-SHIFT",131.000000,-132.500000,0.000000,top
"SW6","SW_Momentary_SPST","SW_PG1350_reversible(no-F-silkscreen)-RIGHT",155.000000,-111.500000,0.000000,top
"SW7","SW_Momentary_SPST","SW_PG1350_reversible(no-F-silkscreen)-PLAY",155.000000,-132.500000,0.000000,top
"SW8","SW_Momentary_SPST","SW_PG1350_reversible(no-F-silkscreen)-LEFT",107.000000,-111.500000,0.000000,top
"SW9","SW_Momentary_SPST","SW_PG1350_reversible(no-F-silkscreen)_OPTION",164.500000,-87.500000,0.000000,top
"SW10","SW_Momentary_SPST","SW_PG1350_reversible(no-F-silkscreen)-EDIT",188.500000,-87.500000,0.000000,top
