Designator ,Val,Package,Mid X ,Mid Y ,Rotation ,Layer
C1,0.1uF,C_0805_2012Metric_Pad1.18x1.45mm_HandSolder,197.2,-115.8,-90,bottom
D1,D_Schottky,SCHOTTKY_SB140_DO-15_P15.24mm_Horizontal,108.8,-125.28,-90,bottom
D2,D_Schottky,SCHOTTKY_SB140_DO-15_P15.24mm_Horizontal,167.2,-122.62,90,bottom
D3,D,MBRM110LT1G_SMD_DIODE,184,-129,180,bottom
D7,D,MBRM110LT1G_SMD_DIODE,177.28,-129,180,bottom
D9,D,MBRM110LT1G_SMD_DIODE,170.6,-129,180,bottom
J1,JST_2MM_MALE,JST-2-SMD,97.9,-77.6,180,bottom
J2,Conn_02x06_Odd_Even,PinHeader_2x06_P2.54mm_Vertical,134.46,-65.5,-90,bottom
J3,Conn_01x04_Pin,PinHeader_1x04_P2.54mm_Vertical_SMD_Pin1Right,111.73,-78.955,90,bottom
J4,Conn_01x02,PinHeader_1x02_P2.54mm_Vertical_SMD_Pin1Left,201.2,-76.6,180,bottom
R1,10 1%,R_1206_3216Metric,185.2,-133.8,90,bottom
R2,180 1%,R_1206_3216Metric,180,-133.8,90,bottom
R3,180 1%,R_1206_3216Metric,174.8,-133.8,90,bottom
R4,220 1%,R_1206_3216Metric,169.6,-133.8,90,bottom
R5,10K 1%,R_1206_3216Metric,191.795,-122.55,-90,bottom
R6,1.5K 1%,R_1206_3216Metric,186.1,-122.5625,-90,bottom
R7,2K 1%,R_1206_3216Metric,191.795,-118.05,180,bottom
R8,1K 1%,R_1206_3216Metric,191.8325,-112.8,0,bottom
R9,1K 1%,R_1206_3216Metric,196.5,-127.8,0,bottom
R10,3.3K 1%,R_1206_3216Metric,201.9,-127.8,0,bottom
SW2,SW_Momentary_SPST,TACTILE_SWITCH_SMD_RIGHT_ANGLE,162,-142.75,180,bottom
U3,Opamp_Dual,SOIC-8-1EP_3.9x4.9mm_P1.27mm_EP2.29x3mm,200.5,-120.9,0,bottom
